"id","status","enrolled_at","created_at","updated_at","student_id","course_id"
"1","enrolled","2025-01-01","2025-03-12 12:20:48","2025-03-12 12:20:48","9","1"
"2","enrolled","2025-01-01","2025-03-12 12:20:48","2025-03-12 12:20:48","9","2"
"3","enrolled","2025-01-01","2025-03-12 12:20:48","2025-03-12 12:20:48","9","3"
"4","enrolled","2025-01-01","2025-03-12 12:20:48","2025-03-12 12:20:48","9","4"
"5","enrolled","2025-01-01","2025-03-12 12:20:48","2025-03-12 12:20:48","9","5"
"6","enrolled","2025-01-01","2025-03-12 12:20:49","2025-03-12 12:20:49","9","6"
"7","enrolled","2025-01-01","2025-03-12 12:20:49","2025-03-12 12:20:49","10","1"
"8","enrolled","2025-01-01","2025-03-12 12:20:49","2025-03-12 12:20:49","10","2"
"9","enrolled","2025-01-01","2025-03-12 12:20:49","2025-03-12 12:20:49","10","3"
"10","enrolled","2025-01-01","2025-03-12 12:20:49","2025-03-12 12:20:49","10","4"
"11","enrolled","2025-01-01","2025-03-12 12:20:49","2025-03-12 12:20:49","10","5"
"12","enrolled","2025-01-01","2025-03-12 12:20:49","2025-03-12 12:20:49","10","6"
"13","enrolled","2024-01-01","2025-03-12 12:20:49","2025-03-12 12:20:49","11","1"
"14","enrolled","2024-01-01","2025-03-12 12:20:49","2025-03-12 12:20:49","11","2"
"15","enrolled","2024-01-01","2025-03-12 12:20:49","2025-03-12 12:20:49","11","3"
"16","enrolled","2024-01-01","2025-03-12 12:20:49","2025-03-12 12:20:49","11","4"
"17","enrolled","2024-01-01","2025-03-12 12:20:49","2025-03-12 12:20:49","11","5"
"18","enrolled","2024-01-01","2025-03-12 12:20:49","2025-03-12 12:20:49","11","6"
"19","enrolled","2024-08-01","2025-03-12 12:20:49","2025-03-12 12:20:49","11","7"
"20","enrolled","2024-08-01","2025-03-12 12:20:49","2025-03-12 12:20:49","11","8"
"21","enrolled","2024-08-01","2025-03-12 12:20:49","2025-03-12 12:20:49","11","9"
"22","enrolled","2024-08-01","2025-03-12 12:20:49","2025-03-12 12:20:49","11","10"
"23","enrolled","2024-08-01","2025-03-12 12:20:49","2025-03-12 12:20:49","11","11"
"24","enrolled","2024-08-01","2025-03-12 12:20:49","2025-03-12 12:20:49","11","12"
"25","enrolled","2025-01-01","2025-03-12 12:20:49","2025-03-12 12:20:49","11","13"
"26","enrolled","2025-01-01","2025-03-12 12:20:49","2025-03-12 12:20:49","11","14"
"27","enrolled","2025-01-01","2025-03-12 12:20:49","2025-03-12 12:20:49","11","15"
"28","enrolled","2025-01-01","2025-03-12 12:20:50","2025-03-12 12:20:50","11","16"
"29","enrolled","2025-01-01","2025-03-12 12:20:50","2025-03-12 12:20:50","11","17"
"30","enrolled","2025-01-01","2025-03-12 12:20:50","2025-03-12 12:20:50","11","18"
"31","enrolled","2024-01-01","2025-03-12 12:20:50","2025-03-12 12:20:50","12","1"
"32","enrolled","2024-01-01","2025-03-12 12:20:50","2025-03-12 12:20:50","12","2"
"33","enrolled","2024-01-01","2025-03-12 12:20:50","2025-03-12 12:20:50","12","3"
"34","enrolled","2024-01-01","2025-03-12 12:20:50","2025-03-12 12:20:50","12","4"
"35","enrolled","2024-01-01","2025-03-12 12:20:50","2025-03-12 12:20:50","12","5"
"36","enrolled","2024-01-01","2025-03-12 12:20:50","2025-03-12 12:20:50","12","6"
"37","enrolled","2024-08-01","2025-03-12 12:20:50","2025-03-12 12:20:50","12","7"
"38","enrolled","2024-08-01","2025-03-12 12:20:50","2025-03-12 12:20:50","12","8"
"39","enrolled","2024-08-01","2025-03-12 12:20:50","2025-03-12 12:20:50","12","9"
"40","enrolled","2024-08-01","2025-03-12 12:20:50","2025-03-12 12:20:50","12","10"
"41","enrolled","2024-08-01","2025-03-12 12:20:50","2025-03-12 12:20:50","12","11"
"42","enrolled","2024-08-01","2025-03-12 12:20:50","2025-03-12 12:20:50","12","12"
"43","enrolled","2025-01-01","2025-03-12 12:20:50","2025-03-12 12:20:50","12","13"
"44","enrolled","2025-01-01","2025-03-12 12:20:50","2025-03-12 12:20:50","12","14"
"45","enrolled","2025-01-01","2025-03-12 12:20:50","2025-03-12 12:20:50","12","15"
"46","enrolled","2025-01-01","2025-03-12 12:20:50","2025-03-12 12:20:50","12","16"
"47","enrolled","2025-01-01","2025-03-12 12:20:50","2025-03-12 12:20:50","12","17"
"48","enrolled","2025-01-01","2025-03-12 12:20:50","2025-03-12 12:20:50","12","18"
"49","enrolled","2023-01-01","2025-03-12 12:20:50","2025-03-12 12:20:50","13","1"
"50","enrolled","2023-01-01","2025-03-12 12:20:50","2025-03-12 12:20:50","13","2"
"51","enrolled","2023-01-01","2025-03-12 12:20:50","2025-03-12 12:20:50","13","3"
"52","enrolled","2023-01-01","2025-03-12 12:20:50","2025-03-12 12:20:50","13","4"
"53","enrolled","2023-01-01","2025-03-12 12:20:51","2025-03-12 12:20:51","13","5"
"54","enrolled","2023-01-01","2025-03-12 12:20:51","2025-03-12 12:20:51","13","6"
"55","enrolled","2023-08-01","2025-03-12 12:20:51","2025-03-12 12:20:51","13","7"
"56","enrolled","2023-08-01","2025-03-12 12:20:51","2025-03-12 12:20:51","13","8"
"57","enrolled","2023-08-01","2025-03-12 12:20:51","2025-03-12 12:20:51","13","9"
"58","enrolled","2023-08-01","2025-03-12 12:20:51","2025-03-12 12:20:51","13","10"
"59","enrolled","2023-08-01","2025-03-12 12:20:51","2025-03-12 12:20:51","13","11"
"60","enrolled","2023-08-01","2025-03-12 12:20:51","2025-03-12 12:20:51","13","12"
"61","enrolled","2024-01-01","2025-03-12 12:20:51","2025-03-12 12:20:51","13","13"
"62","enrolled","2024-01-01","2025-03-12 12:20:51","2025-03-12 12:20:51","13","14"
"63","enrolled","2024-01-01","2025-03-12 12:20:51","2025-03-12 12:20:51","13","15"
"64","enrolled","2024-01-01","2025-03-12 12:20:51","2025-03-12 12:20:51","13","16"
"65","enrolled","2024-01-01","2025-03-12 12:20:51","2025-03-12 12:20:51","13","17"
"66","enrolled","2024-01-01","2025-03-12 12:20:51","2025-03-12 12:20:51","13","18"
"67","enrolled","2024-08-01","2025-03-12 12:20:51","2025-03-12 12:20:51","13","19"
"68","enrolled","2024-08-01","2025-03-12 12:20:51","2025-03-12 12:20:51","13","20"
"69","enrolled","2024-08-01","2025-03-12 12:20:51","2025-03-12 12:20:51","13","21"
"70","enrolled","2024-08-01","2025-03-12 12:20:51","2025-03-12 12:20:51","13","22"
"71","enrolled","2024-08-01","2025-03-12 12:20:51","2025-03-12 12:20:51","13","23"
"72","enrolled","2024-08-01","2025-03-12 12:20:51","2025-03-12 12:20:51","13","24"
"73","enrolled","2025-01-01","2025-03-12 12:20:51","2025-03-12 12:20:51","13","25"
"74","enrolled","2025-01-01","2025-03-12 12:20:51","2025-03-12 12:20:51","13","26"
"75","enrolled","2025-01-01","2025-03-12 12:20:51","2025-03-12 12:20:51","13","27"
"76","enrolled","2025-01-01","2025-03-12 12:20:51","2025-03-12 12:20:51","13","28"
"77","enrolled","2025-01-01","2025-03-12 12:20:51","2025-03-12 12:20:51","13","41"
"78","enrolled","2025-01-01","2025-03-12 12:20:51","2025-03-12 12:20:51","13","42"
"79","enrolled","2023-01-01","2025-03-12 12:20:52","2025-03-12 12:20:52","14","1"
"80","enrolled","2023-01-01","2025-03-12 12:20:52","2025-03-12 12:20:52","14","2"
"81","enrolled","2023-01-01","2025-03-12 12:20:52","2025-03-12 12:20:52","14","3"
"82","enrolled","2023-01-01","2025-03-12 12:20:52","2025-03-12 12:20:52","14","4"
"83","enrolled","2023-01-01","2025-03-12 12:20:52","2025-03-12 12:20:52","14","5"
"84","enrolled","2023-01-01","2025-03-12 12:20:52","2025-03-12 12:20:52","14","6"
"85","enrolled","2023-08-01","2025-03-12 12:20:52","2025-03-12 12:20:52","14","7"
"86","enrolled","2023-08-01","2025-03-12 12:20:52","2025-03-12 12:20:52","14","8"
"87","enrolled","2023-08-01","2025-03-12 12:20:52","2025-03-12 12:20:52","14","9"
"88","enrolled","2023-08-01","2025-03-12 12:20:52","2025-03-12 12:20:52","14","10"
"89","enrolled","2023-08-01","2025-03-12 12:20:52","2025-03-12 12:20:52","14","11"
"90","enrolled","2023-08-01","2025-03-12 12:20:52","2025-03-12 12:20:52","14","12"
"91","enrolled","2024-01-01","2025-03-12 12:20:52","2025-03-12 12:20:52","14","13"
"92","enrolled","2024-01-01","2025-03-12 12:20:52","2025-03-12 12:20:52","14","14"
"93","enrolled","2024-01-01","2025-03-12 12:20:52","2025-03-12 12:20:52","14","15"
"94","enrolled","2024-01-01","2025-03-12 12:20:53","2025-03-12 12:20:53","14","16"
"95","enrolled","2024-01-01","2025-03-12 12:20:53","2025-03-12 12:20:53","14","17"
"96","enrolled","2024-01-01","2025-03-12 12:20:53","2025-03-12 12:20:53","14","18"
"97","enrolled","2024-08-01","2025-03-12 12:20:53","2025-03-12 12:20:53","14","19"
"98","enrolled","2024-08-01","2025-03-12 12:20:53","2025-03-12 12:20:53","14","20"
"99","enrolled","2024-08-01","2025-03-12 12:20:53","2025-03-12 12:20:53","14","21"
"100","enrolled","2024-08-01","2025-03-12 12:20:53","2025-03-12 12:20:53","14","22"
"101","enrolled","2024-08-01","2025-03-12 12:20:53","2025-03-12 12:20:53","14","23"
"102","enrolled","2024-08-01","2025-03-12 12:20:53","2025-03-12 12:20:53","14","24"
"103","enrolled","2025-01-01","2025-03-12 12:20:53","2025-03-12 12:20:53","14","25"
"104","enrolled","2025-01-01","2025-03-12 12:20:53","2025-03-12 12:20:53","14","26"
"105","enrolled","2025-01-01","2025-03-12 12:20:53","2025-03-12 12:20:53","14","27"
"106","enrolled","2025-01-01","2025-03-12 12:20:53","2025-03-12 12:20:53","14","28"
"107","enrolled","2025-01-01","2025-03-12 12:20:53","2025-03-12 12:20:53","14","41"
"108","enrolled","2025-01-01","2025-03-12 12:20:53","2025-03-12 12:20:53","14","42"
"109","enrolled","2023-01-01","2025-03-12 12:20:53","2025-03-12 12:20:53","17","1"
"110","enrolled","2023-01-01","2025-03-12 12:20:53","2025-03-12 12:20:53","17","2"
"111","enrolled","2023-01-01","2025-03-12 12:20:53","2025-03-12 12:20:53","17","3"
"112","enrolled","2023-01-01","2025-03-12 12:20:53","2025-03-12 12:20:53","17","4"
"113","enrolled","2023-01-01","2025-03-12 12:20:53","2025-03-12 12:20:53","17","5"
"114","enrolled","2023-01-01","2025-03-12 12:20:53","2025-03-12 12:20:53","17","6"
"115","enrolled","2023-08-01","2025-03-12 12:20:53","2025-03-12 12:20:53","17","7"
"116","enrolled","2023-08-01","2025-03-12 12:20:53","2025-03-12 12:20:53","17","8"
"117","enrolled","2023-08-01","2025-03-12 12:20:53","2025-03-12 12:20:53","17","9"
"118","enrolled","2023-08-01","2025-03-12 12:20:53","2025-03-12 12:20:53","17","10"
"119","enrolled","2023-08-01","2025-03-12 12:20:54","2025-03-12 12:20:54","17","11"
"120","enrolled","2023-08-01","2025-03-12 12:20:54","2025-03-12 12:20:54","17","12"
"121","enrolled","2024-01-01","2025-03-12 12:20:54","2025-03-12 12:20:54","17","13"
"122","enrolled","2024-01-01","2025-03-12 12:20:54","2025-03-12 12:20:54","17","14"
"123","enrolled","2024-01-01","2025-03-12 12:20:54","2025-03-12 12:20:54","17","15"
"124","enrolled","2024-01-01","2025-03-12 12:20:54","2025-03-12 12:20:54","17","16"
"125","enrolled","2024-01-01","2025-03-12 12:20:54","2025-03-12 12:20:54","17","17"
"126","enrolled","2024-01-01","2025-03-12 12:20:54","2025-03-12 12:20:54","17","18"
"127","enrolled","2024-08-01","2025-03-12 12:20:54","2025-03-12 12:20:54","17","19"
"128","enrolled","2024-08-01","2025-03-12 12:20:54","2025-03-12 12:20:54","17","20"
"129","enrolled","2024-08-01","2025-03-12 12:20:54","2025-03-12 12:20:54","17","21"
"130","enrolled","2024-08-01","2025-03-12 12:20:54","2025-03-12 12:20:54","17","22"
"131","enrolled","2024-08-01","2025-03-12 12:20:54","2025-03-12 12:20:54","17","23"
"132","enrolled","2024-08-01","2025-03-12 12:20:54","2025-03-12 12:20:54","17","24"
"133","enrolled","2025-01-01","2025-03-12 12:20:54","2025-03-12 12:20:54","17","49"
"134","enrolled","2025-01-01","2025-03-12 12:20:54","2025-03-12 12:20:54","17","50"
"135","enrolled","2025-01-01","2025-03-12 12:20:54","2025-03-12 12:20:54","17","51"
"136","enrolled","2025-01-01","2025-03-12 12:20:54","2025-03-12 12:20:54","17","52"
"137","enrolled","2025-01-01","2025-03-12 12:20:54","2025-03-12 12:20:54","17","65"
"138","enrolled","2025-01-01","2025-03-12 12:20:54","2025-03-12 12:20:54","17","66"
"139","enrolled","2023-01-01","2025-03-12 12:20:54","2025-03-12 12:20:54","18","1"
"140","enrolled","2023-01-01","2025-03-12 12:20:54","2025-03-12 12:20:54","18","2"
"141","enrolled","2023-01-01","2025-03-12 12:20:54","2025-03-12 12:20:54","18","3"
"142","enrolled","2023-01-01","2025-03-12 12:20:54","2025-03-12 12:20:54","18","4"
"143","enrolled","2023-01-01","2025-03-12 12:20:55","2025-03-12 12:20:55","18","5"
"144","enrolled","2023-01-01","2025-03-12 12:20:55","2025-03-12 12:20:55","18","6"
"145","enrolled","2023-08-01","2025-03-12 12:20:55","2025-03-12 12:20:55","18","7"
"146","enrolled","2023-08-01","2025-03-12 12:20:55","2025-03-12 12:20:55","18","8"
"147","enrolled","2023-08-01","2025-03-12 12:20:55","2025-03-12 12:20:55","18","9"
"148","enrolled","2023-08-01","2025-03-12 12:20:55","2025-03-12 12:20:55","18","10"
"149","enrolled","2023-08-01","2025-03-12 12:20:55","2025-03-12 12:20:55","18","11"
"150","enrolled","2023-08-01","2025-03-12 12:20:55","2025-03-12 12:20:55","18","12"
"151","enrolled","2024-01-01","2025-03-12 12:20:55","2025-03-12 12:20:55","18","13"
"152","enrolled","2024-01-01","2025-03-12 12:20:55","2025-03-12 12:20:55","18","14"
"153","enrolled","2024-01-01","2025-03-12 12:20:55","2025-03-12 12:20:55","18","15"
"154","enrolled","2024-01-01","2025-03-12 12:20:55","2025-03-12 12:20:55","18","16"
"155","enrolled","2024-01-01","2025-03-12 12:20:55","2025-03-12 12:20:55","18","17"
"156","enrolled","2024-01-01","2025-03-12 12:20:55","2025-03-12 12:20:55","18","18"
"157","enrolled","2024-08-01","2025-03-12 12:20:55","2025-03-12 12:20:55","18","19"
"158","enrolled","2024-08-01","2025-03-12 12:20:55","2025-03-12 12:20:55","18","20"
"159","enrolled","2024-08-01","2025-03-12 12:20:55","2025-03-12 12:20:55","18","21"
"160","enrolled","2024-08-01","2025-03-12 12:20:55","2025-03-12 12:20:55","18","22"
"161","enrolled","2024-08-01","2025-03-12 12:20:55","2025-03-12 12:20:55","18","23"
"162","enrolled","2024-08-01","2025-03-12 12:20:56","2025-03-12 12:20:56","18","24"
"163","enrolled","2025-01-01","2025-03-12 12:20:56","2025-03-12 12:20:56","18","49"
"164","enrolled","2025-01-01","2025-03-12 12:20:56","2025-03-12 12:20:56","18","50"
"165","enrolled","2025-01-01","2025-03-12 12:20:56","2025-03-12 12:20:56","18","51"
"166","enrolled","2025-01-01","2025-03-12 12:20:56","2025-03-12 12:20:56","18","52"
"167","enrolled","2025-01-01","2025-03-12 12:20:56","2025-03-12 12:20:56","18","65"
"168","enrolled","2025-01-01","2025-03-12 12:20:56","2025-03-12 12:20:56","18","66"
"169","enrolled","2023-01-01","2025-03-12 12:20:56","2025-03-12 12:20:56","21","1"
"170","enrolled","2023-01-01","2025-03-12 12:20:56","2025-03-12 12:20:56","21","2"
"171","enrolled","2023-01-01","2025-03-12 12:20:56","2025-03-12 12:20:56","21","3"
"172","enrolled","2023-01-01","2025-03-12 12:20:56","2025-03-12 12:20:56","21","4"
"173","enrolled","2023-01-01","2025-03-12 12:20:56","2025-03-12 12:20:56","21","5"
"174","enrolled","2023-01-01","2025-03-12 12:20:56","2025-03-12 12:20:56","21","6"
"175","enrolled","2023-08-01","2025-03-12 12:20:56","2025-03-12 12:20:56","21","7"
"176","enrolled","2023-08-01","2025-03-12 12:20:56","2025-03-12 12:20:56","21","8"
"177","enrolled","2023-08-01","2025-03-12 12:20:56","2025-03-12 12:20:56","21","9"
"178","enrolled","2023-08-01","2025-03-12 12:20:56","2025-03-12 12:20:56","21","10"
"179","enrolled","2023-08-01","2025-03-12 12:20:56","2025-03-12 12:20:56","21","11"
"180","enrolled","2023-08-01","2025-03-12 12:20:56","2025-03-12 12:20:56","21","12"
"181","enrolled","2024-01-01","2025-03-12 12:20:57","2025-03-12 12:20:57","21","13"
"182","enrolled","2024-01-01","2025-03-12 12:20:57","2025-03-12 12:20:57","21","14"
"183","enrolled","2024-01-01","2025-03-12 12:20:57","2025-03-12 12:20:57","21","15"
"184","enrolled","2024-01-01","2025-03-12 12:20:57","2025-03-12 12:20:57","21","16"
"185","enrolled","2024-01-01","2025-03-12 12:20:57","2025-03-12 12:20:57","21","17"
"186","enrolled","2024-01-01","2025-03-12 12:20:57","2025-03-12 12:20:57","21","18"
"187","enrolled","2024-08-01","2025-03-12 12:20:57","2025-03-12 12:20:57","21","19"
"188","enrolled","2024-08-01","2025-03-12 12:20:57","2025-03-12 12:20:57","21","20"
"189","enrolled","2024-08-01","2025-03-12 12:20:57","2025-03-12 12:20:57","21","21"
"190","enrolled","2024-08-01","2025-03-12 12:20:57","2025-03-12 12:20:57","21","22"
"191","enrolled","2024-08-01","2025-03-12 12:20:57","2025-03-12 12:20:57","21","23"
"192","enrolled","2024-08-01","2025-03-12 12:20:57","2025-03-12 12:20:57","21","24"
"193","enrolled","2025-01-01","2025-03-12 12:20:57","2025-03-12 12:20:57","21","73"
"194","enrolled","2025-01-01","2025-03-12 12:20:57","2025-03-12 12:20:57","21","74"
"195","enrolled","2025-01-01","2025-03-12 12:20:57","2025-03-12 12:20:57","21","75"
"196","enrolled","2025-01-01","2025-03-12 12:20:57","2025-03-12 12:20:57","21","76"
"197","enrolled","2025-01-01","2025-03-12 12:20:57","2025-03-12 12:20:57","21","89"
"198","enrolled","2025-01-01","2025-03-12 12:20:57","2025-03-12 12:20:57","21","90"
"199","enrolled","2023-01-01","2025-03-12 12:20:57","2025-03-12 12:20:57","22","1"
"200","enrolled","2023-01-01","2025-03-12 12:20:57","2025-03-12 12:20:57","22","2"
"201","enrolled","2023-01-01","2025-03-12 12:20:57","2025-03-12 12:20:57","22","3"
"202","enrolled","2023-01-01","2025-03-12 12:20:58","2025-03-12 12:20:58","22","4"
"203","enrolled","2023-01-01","2025-03-12 12:20:58","2025-03-12 12:20:58","22","5"
"204","enrolled","2023-01-01","2025-03-12 12:20:58","2025-03-12 12:20:58","22","6"
"205","enrolled","2023-08-01","2025-03-12 12:20:58","2025-03-12 12:20:58","22","7"
"206","enrolled","2023-08-01","2025-03-12 12:20:58","2025-03-12 12:20:58","22","8"
"207","enrolled","2023-08-01","2025-03-12 12:20:58","2025-03-12 12:20:58","22","9"
"208","enrolled","2023-08-01","2025-03-12 12:20:58","2025-03-12 12:20:58","22","10"
"209","enrolled","2023-08-01","2025-03-12 12:20:58","2025-03-12 12:20:58","22","11"
"210","enrolled","2023-08-01","2025-03-12 12:20:58","2025-03-12 12:20:58","22","12"
"211","enrolled","2024-01-01","2025-03-12 12:20:58","2025-03-12 12:20:58","22","13"
"212","enrolled","2024-01-01","2025-03-12 12:20:58","2025-03-12 12:20:58","22","14"
"213","enrolled","2024-01-01","2025-03-12 12:20:58","2025-03-12 12:20:58","22","15"
"214","enrolled","2024-01-01","2025-03-12 12:20:58","2025-03-12 12:20:58","22","16"
"215","enrolled","2024-01-01","2025-03-12 12:20:58","2025-03-12 12:20:58","22","17"
"216","enrolled","2024-01-01","2025-03-12 12:20:58","2025-03-12 12:20:58","22","18"
"217","enrolled","2024-08-01","2025-03-12 12:20:58","2025-03-12 12:20:58","22","19"
"218","enrolled","2024-08-01","2025-03-12 12:20:58","2025-03-12 12:20:58","22","20"
"219","enrolled","2024-08-01","2025-03-12 12:20:58","2025-03-12 12:20:58","22","21"
"220","enrolled","2024-08-01","2025-03-12 12:20:58","2025-03-12 12:20:58","22","22"
"221","enrolled","2024-08-01","2025-03-12 12:20:58","2025-03-12 12:20:58","22","23"
"222","enrolled","2024-08-01","2025-03-12 12:20:58","2025-03-12 12:20:58","22","24"
"223","enrolled","2025-01-01","2025-03-12 12:20:58","2025-03-12 12:20:58","22","73"
"224","enrolled","2025-01-01","2025-03-12 12:20:59","2025-03-12 12:20:59","22","74"
"225","enrolled","2025-01-01","2025-03-12 12:20:59","2025-03-12 12:20:59","22","75"
"226","enrolled","2025-01-01","2025-03-12 12:20:59","2025-03-12 12:20:59","22","76"
"227","enrolled","2025-01-01","2025-03-12 12:20:59","2025-03-12 12:20:59","22","89"
"228","enrolled","2025-01-01","2025-03-12 12:20:59","2025-03-12 12:20:59","22","90"
"229","enrolled","2022-01-01","2025-03-12 12:20:59","2025-03-12 12:20:59","25","1"
"230","enrolled","2022-01-01","2025-03-12 12:20:59","2025-03-12 12:20:59","25","2"
"231","enrolled","2022-01-01","2025-03-12 12:20:59","2025-03-12 12:20:59","25","3"
"232","enrolled","2022-01-01","2025-03-12 12:20:59","2025-03-12 12:20:59","25","4"
"233","enrolled","2022-01-01","2025-03-12 12:20:59","2025-03-12 12:20:59","25","5"
"234","enrolled","2022-01-01","2025-03-12 12:20:59","2025-03-12 12:20:59","25","6"
"235","enrolled","2022-08-01","2025-03-12 12:20:59","2025-03-12 12:20:59","25","7"
"236","enrolled","2022-08-01","2025-03-12 12:20:59","2025-03-12 12:20:59","25","8"
"237","enrolled","2022-08-01","2025-03-12 12:20:59","2025-03-12 12:20:59","25","9"
"238","enrolled","2022-08-01","2025-03-12 12:20:59","2025-03-12 12:20:59","25","10"
"239","enrolled","2022-08-01","2025-03-12 12:21:00","2025-03-12 12:21:00","25","11"
"240","enrolled","2022-08-01","2025-03-12 12:21:00","2025-03-12 12:21:00","25","12"
"241","enrolled","2023-01-01","2025-03-12 12:21:00","2025-03-12 12:21:00","25","13"
"242","enrolled","2023-01-01","2025-03-12 12:21:00","2025-03-12 12:21:00","25","14"
"243","enrolled","2023-01-01","2025-03-12 12:21:00","2025-03-12 12:21:00","25","15"
"244","enrolled","2023-01-01","2025-03-12 12:21:00","2025-03-12 12:21:00","25","16"
"245","enrolled","2023-01-01","2025-03-12 12:21:00","2025-03-12 12:21:00","25","17"
"246","enrolled","2023-01-01","2025-03-12 12:21:00","2025-03-12 12:21:00","25","18"
"247","enrolled","2023-08-01","2025-03-12 12:21:00","2025-03-12 12:21:00","25","19"
"248","enrolled","2023-08-01","2025-03-12 12:21:00","2025-03-12 12:21:00","25","20"
"249","enrolled","2023-08-01","2025-03-12 12:21:00","2025-03-12 12:21:00","25","21"
"250","enrolled","2023-08-01","2025-03-12 12:21:00","2025-03-12 12:21:00","25","22"
"251","enrolled","2023-08-01","2025-03-12 12:21:00","2025-03-12 12:21:00","25","23"
"252","enrolled","2023-08-01","2025-03-12 12:21:00","2025-03-12 12:21:00","25","24"
"253","enrolled","2024-01-01","2025-03-12 12:21:00","2025-03-12 12:21:00","25","25"
"254","enrolled","2024-01-01","2025-03-12 12:21:00","2025-03-12 12:21:00","25","26"
"255","enrolled","2024-01-01","2025-03-12 12:21:00","2025-03-12 12:21:00","25","27"
"256","enrolled","2024-01-01","2025-03-12 12:21:00","2025-03-12 12:21:00","25","28"
"257","enrolled","2024-01-01","2025-03-12 12:21:00","2025-03-12 12:21:00","25","41"
"258","enrolled","2024-01-01","2025-03-12 12:21:00","2025-03-12 12:21:00","25","42"
"259","enrolled","2024-08-01","2025-03-12 12:21:00","2025-03-12 12:21:00","25","29"
"260","enrolled","2024-08-01","2025-03-12 12:21:01","2025-03-12 12:21:01","25","30"
"261","enrolled","2024-08-01","2025-03-12 12:21:01","2025-03-12 12:21:01","25","31"
"262","enrolled","2024-08-01","2025-03-12 12:21:01","2025-03-12 12:21:01","25","32"
"263","enrolled","2024-08-01","2025-03-12 12:21:01","2025-03-12 12:21:01","25","43"
"264","enrolled","2024-08-01","2025-03-12 12:21:01","2025-03-12 12:21:01","25","44"
"265","enrolled","2025-01-01","2025-03-12 12:21:01","2025-03-12 12:21:01","25","33"
"266","enrolled","2025-01-01","2025-03-12 12:21:01","2025-03-12 12:21:01","25","34"
"267","enrolled","2025-01-01","2025-03-12 12:21:01","2025-03-12 12:21:01","25","35"
"268","enrolled","2025-01-01","2025-03-12 12:21:01","2025-03-12 12:21:01","25","36"
"269","enrolled","2022-01-01","2025-03-12 12:21:01","2025-03-12 12:21:01","26","1"
"270","enrolled","2022-01-01","2025-03-12 12:21:01","2025-03-12 12:21:01","26","2"
"271","enrolled","2022-01-01","2025-03-12 12:21:01","2025-03-12 12:21:01","26","3"
"272","enrolled","2022-01-01","2025-03-12 12:21:01","2025-03-12 12:21:01","26","4"
"273","enrolled","2022-01-01","2025-03-12 12:21:01","2025-03-12 12:21:01","26","5"
"274","enrolled","2022-01-01","2025-03-12 12:21:01","2025-03-12 12:21:01","26","6"
"275","enrolled","2022-08-01","2025-03-12 12:21:01","2025-03-12 12:21:01","26","7"
"276","enrolled","2022-08-01","2025-03-12 12:21:01","2025-03-12 12:21:01","26","8"
"277","enrolled","2022-08-01","2025-03-12 12:21:01","2025-03-12 12:21:01","26","9"
"278","enrolled","2022-08-01","2025-03-12 12:21:01","2025-03-12 12:21:01","26","10"
"279","enrolled","2022-08-01","2025-03-12 12:21:01","2025-03-12 12:21:01","26","11"
"280","enrolled","2022-08-01","2025-03-12 12:21:01","2025-03-12 12:21:01","26","12"
"281","enrolled","2023-01-01","2025-03-12 12:21:01","2025-03-12 12:21:01","26","13"
"282","enrolled","2023-01-01","2025-03-12 12:21:02","2025-03-12 12:21:02","26","14"
"283","enrolled","2023-01-01","2025-03-12 12:21:02","2025-03-12 12:21:02","26","15"
"284","enrolled","2023-01-01","2025-03-12 12:21:02","2025-03-12 12:21:02","26","16"
"285","enrolled","2023-01-01","2025-03-12 12:21:02","2025-03-12 12:21:02","26","17"
"286","enrolled","2023-01-01","2025-03-12 12:21:02","2025-03-12 12:21:02","26","18"
"287","enrolled","2023-08-01","2025-03-12 12:21:02","2025-03-12 12:21:02","26","19"
"288","enrolled","2023-08-01","2025-03-12 12:21:02","2025-03-12 12:21:02","26","20"
"289","enrolled","2023-08-01","2025-03-12 12:21:02","2025-03-12 12:21:02","26","21"
"290","enrolled","2023-08-01","2025-03-12 12:21:02","2025-03-12 12:21:02","26","22"
"291","enrolled","2023-08-01","2025-03-12 12:21:02","2025-03-12 12:21:02","26","23"
"292","enrolled","2023-08-01","2025-03-12 12:21:02","2025-03-12 12:21:02","26","24"
"293","enrolled","2024-01-01","2025-03-12 12:21:02","2025-03-12 12:21:02","26","25"
"294","enrolled","2024-01-01","2025-03-12 12:21:02","2025-03-12 12:21:02","26","26"
"295","enrolled","2024-01-01","2025-03-12 12:21:02","2025-03-12 12:21:02","26","27"
"296","enrolled","2024-01-01","2025-03-12 12:21:02","2025-03-12 12:21:02","26","28"
"297","enrolled","2024-01-01","2025-03-12 12:21:02","2025-03-12 12:21:02","26","41"
"298","enrolled","2024-01-01","2025-03-12 12:21:02","2025-03-12 12:21:02","26","42"
"299","enrolled","2024-08-01","2025-03-12 12:21:02","2025-03-12 12:21:02","26","29"
"300","enrolled","2024-08-01","2025-03-12 12:21:02","2025-03-12 12:21:02","26","30"
"301","enrolled","2024-08-01","2025-03-12 12:21:02","2025-03-12 12:21:02","26","31"
"302","enrolled","2024-08-01","2025-03-12 12:21:02","2025-03-12 12:21:02","26","32"
"303","enrolled","2024-08-01","2025-03-12 12:21:02","2025-03-12 12:21:02","26","43"
"304","enrolled","2024-08-01","2025-03-12 12:21:02","2025-03-12 12:21:02","26","44"
"305","enrolled","2025-01-01","2025-03-12 12:21:02","2025-03-12 12:21:02","26","33"
"306","enrolled","2025-01-01","2025-03-12 12:21:03","2025-03-12 12:21:03","26","34"
"307","enrolled","2025-01-01","2025-03-12 12:21:03","2025-03-12 12:21:03","26","35"
"308","enrolled","2025-01-01","2025-03-12 12:21:03","2025-03-12 12:21:03","26","36"
"309","enrolled","2022-01-01","2025-03-12 12:21:03","2025-03-12 12:21:03","29","1"
"310","enrolled","2022-01-01","2025-03-12 12:21:03","2025-03-12 12:21:03","29","2"
"311","enrolled","2022-01-01","2025-03-12 12:21:03","2025-03-12 12:21:03","29","3"
"312","enrolled","2022-01-01","2025-03-12 12:21:03","2025-03-12 12:21:03","29","4"
"313","enrolled","2022-01-01","2025-03-12 12:21:03","2025-03-12 12:21:03","29","5"
"314","enrolled","2022-01-01","2025-03-12 12:21:03","2025-03-12 12:21:03","29","6"
"315","enrolled","2022-08-01","2025-03-12 12:21:03","2025-03-12 12:21:03","29","7"
"316","enrolled","2022-08-01","2025-03-12 12:21:03","2025-03-12 12:21:03","29","8"
"317","enrolled","2022-08-01","2025-03-12 12:21:03","2025-03-12 12:21:03","29","9"
"318","enrolled","2022-08-01","2025-03-12 12:21:03","2025-03-12 12:21:03","29","10"
"319","enrolled","2022-08-01","2025-03-12 12:21:03","2025-03-12 12:21:03","29","11"
"320","enrolled","2022-08-01","2025-03-12 12:21:03","2025-03-12 12:21:03","29","12"
"321","enrolled","2023-01-01","2025-03-12 12:21:03","2025-03-12 12:21:03","29","13"
"322","enrolled","2023-01-01","2025-03-12 12:21:03","2025-03-12 12:21:03","29","14"
"323","enrolled","2023-01-01","2025-03-12 12:21:03","2025-03-12 12:21:03","29","15"
"324","enrolled","2023-01-01","2025-03-12 12:21:03","2025-03-12 12:21:03","29","16"
"325","enrolled","2023-01-01","2025-03-12 12:21:03","2025-03-12 12:21:03","29","17"
"326","enrolled","2023-01-01","2025-03-12 12:21:04","2025-03-12 12:21:04","29","18"
"327","enrolled","2023-08-01","2025-03-12 12:21:04","2025-03-12 12:21:04","29","19"
"328","enrolled","2023-08-01","2025-03-12 12:21:04","2025-03-12 12:21:04","29","20"
"329","enrolled","2023-08-01","2025-03-12 12:21:04","2025-03-12 12:21:04","29","21"
"330","enrolled","2023-08-01","2025-03-12 12:21:04","2025-03-12 12:21:04","29","22"
"331","enrolled","2023-08-01","2025-03-12 12:21:04","2025-03-12 12:21:04","29","23"
"332","enrolled","2023-08-01","2025-03-12 12:21:04","2025-03-12 12:21:04","29","24"
"333","enrolled","2024-01-01","2025-03-12 12:21:04","2025-03-12 12:21:04","29","49"
"334","enrolled","2024-01-01","2025-03-12 12:21:04","2025-03-12 12:21:04","29","50"
"335","enrolled","2024-01-01","2025-03-12 12:21:04","2025-03-12 12:21:04","29","51"
"336","enrolled","2024-01-01","2025-03-12 12:21:04","2025-03-12 12:21:04","29","52"
"337","enrolled","2024-01-01","2025-03-12 12:21:04","2025-03-12 12:21:04","29","65"
"338","enrolled","2024-01-01","2025-03-12 12:21:04","2025-03-12 12:21:04","29","66"
"339","enrolled","2024-08-01","2025-03-12 12:21:04","2025-03-12 12:21:04","29","53"
"340","enrolled","2024-08-01","2025-03-12 12:21:04","2025-03-12 12:21:04","29","54"
"341","enrolled","2024-08-01","2025-03-12 12:21:04","2025-03-12 12:21:04","29","55"
"342","enrolled","2024-08-01","2025-03-12 12:21:04","2025-03-12 12:21:04","29","56"
"343","enrolled","2024-08-01","2025-03-12 12:21:04","2025-03-12 12:21:04","29","67"
"344","enrolled","2024-08-01","2025-03-12 12:21:04","2025-03-12 12:21:04","29","68"
"345","enrolled","2025-01-01","2025-03-12 12:21:05","2025-03-12 12:21:05","29","57"
"346","enrolled","2025-01-01","2025-03-12 12:21:05","2025-03-12 12:21:05","29","58"
"347","enrolled","2025-01-01","2025-03-12 12:21:05","2025-03-12 12:21:05","29","59"
"348","enrolled","2025-01-01","2025-03-12 12:21:05","2025-03-12 12:21:05","29","60"
"349","enrolled","2022-01-01","2025-03-12 12:21:05","2025-03-12 12:21:05","30","1"
"350","enrolled","2022-01-01","2025-03-12 12:21:05","2025-03-12 12:21:05","30","2"
"351","enrolled","2022-01-01","2025-03-12 12:21:05","2025-03-12 12:21:05","30","3"
"352","enrolled","2022-01-01","2025-03-12 12:21:05","2025-03-12 12:21:05","30","4"
"353","enrolled","2022-01-01","2025-03-12 12:21:05","2025-03-12 12:21:05","30","5"
"354","enrolled","2022-01-01","2025-03-12 12:21:05","2025-03-12 12:21:05","30","6"
"355","enrolled","2022-08-01","2025-03-12 12:21:05","2025-03-12 12:21:05","30","7"
"356","enrolled","2022-08-01","2025-03-12 12:21:05","2025-03-12 12:21:05","30","8"
"357","enrolled","2022-08-01","2025-03-12 12:21:05","2025-03-12 12:21:05","30","9"
"358","enrolled","2022-08-01","2025-03-12 12:21:05","2025-03-12 12:21:05","30","10"
"359","enrolled","2022-08-01","2025-03-12 12:21:05","2025-03-12 12:21:05","30","11"
"360","enrolled","2022-08-01","2025-03-12 12:21:05","2025-03-12 12:21:05","30","12"
"361","enrolled","2023-01-01","2025-03-12 12:21:05","2025-03-12 12:21:05","30","13"
"362","enrolled","2023-01-01","2025-03-12 12:21:05","2025-03-12 12:21:05","30","14"
"363","enrolled","2023-01-01","2025-03-12 12:21:05","2025-03-12 12:21:05","30","15"
"364","enrolled","2023-01-01","2025-03-12 12:21:05","2025-03-12 12:21:05","30","16"
"365","enrolled","2023-01-01","2025-03-12 12:21:05","2025-03-12 12:21:05","30","17"
"366","enrolled","2023-01-01","2025-03-12 12:21:05","2025-03-12 12:21:05","30","18"
"367","enrolled","2023-08-01","2025-03-12 12:21:05","2025-03-12 12:21:05","30","19"
"368","enrolled","2023-08-01","2025-03-12 12:21:05","2025-03-12 12:21:05","30","20"
"369","enrolled","2023-08-01","2025-03-12 12:21:05","2025-03-12 12:21:05","30","21"
"370","enrolled","2023-08-01","2025-03-12 12:21:05","2025-03-12 12:21:05","30","22"
"371","enrolled","2023-08-01","2025-03-12 12:21:05","2025-03-12 12:21:05","30","23"
"372","enrolled","2023-08-01","2025-03-12 12:21:05","2025-03-12 12:21:05","30","24"
"373","enrolled","2024-01-01","2025-03-12 12:21:05","2025-03-12 12:21:05","30","49"
"374","enrolled","2024-01-01","2025-03-12 12:21:05","2025-03-12 12:21:05","30","50"
"375","enrolled","2024-01-01","2025-03-12 12:21:06","2025-03-12 12:21:06","30","51"
"376","enrolled","2024-01-01","2025-03-12 12:21:06","2025-03-12 12:21:06","30","52"
"377","enrolled","2024-01-01","2025-03-12 12:21:06","2025-03-12 12:21:06","30","65"
"378","enrolled","2024-01-01","2025-03-12 12:21:06","2025-03-12 12:21:06","30","66"
"379","enrolled","2024-08-01","2025-03-12 12:21:06","2025-03-12 12:21:06","30","53"
"380","enrolled","2024-08-01","2025-03-12 12:21:06","2025-03-12 12:21:06","30","54"
"381","enrolled","2024-08-01","2025-03-12 12:21:06","2025-03-12 12:21:06","30","55"
"382","enrolled","2024-08-01","2025-03-12 12:21:06","2025-03-12 12:21:06","30","56"
"383","enrolled","2024-08-01","2025-03-12 12:21:06","2025-03-12 12:21:06","30","67"
"384","enrolled","2024-08-01","2025-03-12 12:21:06","2025-03-12 12:21:06","30","68"
"385","enrolled","2025-01-01","2025-03-12 12:21:06","2025-03-12 12:21:06","30","57"
"386","enrolled","2025-01-01","2025-03-12 12:21:06","2025-03-12 12:21:06","30","58"
"387","enrolled","2025-01-01","2025-03-12 12:21:06","2025-03-12 12:21:06","30","59"
"388","enrolled","2025-01-01","2025-03-12 12:21:06","2025-03-12 12:21:06","30","60"
"389","enrolled","2022-01-01","2025-03-12 12:21:06","2025-03-12 12:21:06","33","1"
"390","enrolled","2022-01-01","2025-03-12 12:21:06","2025-03-12 12:21:06","33","2"
"391","enrolled","2022-01-01","2025-03-12 12:21:06","2025-03-12 12:21:06","33","3"
"392","enrolled","2022-01-01","2025-03-12 12:21:06","2025-03-12 12:21:06","33","4"
"393","enrolled","2022-01-01","2025-03-12 12:21:06","2025-03-12 12:21:06","33","5"
"394","enrolled","2022-01-01","2025-03-12 12:21:06","2025-03-12 12:21:06","33","6"
"395","enrolled","2022-08-01","2025-03-12 12:21:06","2025-03-12 12:21:06","33","7"
"396","enrolled","2022-08-01","2025-03-12 12:21:06","2025-03-12 12:21:06","33","8"
"397","enrolled","2022-08-01","2025-03-12 12:21:06","2025-03-12 12:21:06","33","9"
"398","enrolled","2022-08-01","2025-03-12 12:21:06","2025-03-12 12:21:06","33","10"
"399","enrolled","2022-08-01","2025-03-12 12:21:06","2025-03-12 12:21:06","33","11"
"400","enrolled","2022-08-01","2025-03-12 12:21:06","2025-03-12 12:21:06","33","12"
"401","enrolled","2023-01-01","2025-03-12 12:21:06","2025-03-12 12:21:06","33","13"
"402","enrolled","2023-01-01","2025-03-12 12:21:06","2025-03-12 12:21:06","33","14"
"403","enrolled","2023-01-01","2025-03-12 12:21:06","2025-03-12 12:21:06","33","15"
"404","enrolled","2023-01-01","2025-03-12 12:21:06","2025-03-12 12:21:06","33","16"
"405","enrolled","2023-01-01","2025-03-12 12:21:06","2025-03-12 12:21:06","33","17"
"406","enrolled","2023-01-01","2025-03-12 12:21:07","2025-03-12 12:21:07","33","18"
"407","enrolled","2023-08-01","2025-03-12 12:21:07","2025-03-12 12:21:07","33","19"
"408","enrolled","2023-08-01","2025-03-12 12:21:07","2025-03-12 12:21:07","33","20"
"409","enrolled","2023-08-01","2025-03-12 12:21:07","2025-03-12 12:21:07","33","21"
"410","enrolled","2023-08-01","2025-03-12 12:21:07","2025-03-12 12:21:07","33","22"
"411","enrolled","2023-08-01","2025-03-12 12:21:07","2025-03-12 12:21:07","33","23"
"412","enrolled","2023-08-01","2025-03-12 12:21:07","2025-03-12 12:21:07","33","24"
"413","enrolled","2024-01-01","2025-03-12 12:21:07","2025-03-12 12:21:07","33","73"
"414","enrolled","2024-01-01","2025-03-12 12:21:07","2025-03-12 12:21:07","33","74"
"415","enrolled","2024-01-01","2025-03-12 12:21:07","2025-03-12 12:21:07","33","75"
"416","enrolled","2024-01-01","2025-03-12 12:21:07","2025-03-12 12:21:07","33","76"
"417","enrolled","2024-01-01","2025-03-12 12:21:07","2025-03-12 12:21:07","33","89"
"418","enrolled","2024-01-01","2025-03-12 12:21:07","2025-03-12 12:21:07","33","90"
"419","enrolled","2024-08-01","2025-03-12 12:21:07","2025-03-12 12:21:07","33","77"
"420","enrolled","2024-08-01","2025-03-12 12:21:07","2025-03-12 12:21:07","33","78"
"421","enrolled","2024-08-01","2025-03-12 12:21:07","2025-03-12 12:21:07","33","79"
"422","enrolled","2024-08-01","2025-03-12 12:21:07","2025-03-12 12:21:07","33","80"
"423","enrolled","2024-08-01","2025-03-12 12:21:07","2025-03-12 12:21:07","33","91"
"424","enrolled","2024-08-01","2025-03-12 12:21:07","2025-03-12 12:21:07","33","92"
"425","enrolled","2025-01-01","2025-03-12 12:21:07","2025-03-12 12:21:07","33","81"
"426","enrolled","2025-01-01","2025-03-12 12:21:07","2025-03-12 12:21:07","33","82"
"427","enrolled","2025-01-01","2025-03-12 12:21:07","2025-03-12 12:21:07","33","83"
"428","enrolled","2025-01-01","2025-03-12 12:21:07","2025-03-12 12:21:07","33","84"
"429","enrolled","2022-01-01","2025-03-12 12:21:07","2025-03-12 12:21:07","34","1"
"430","enrolled","2022-01-01","2025-03-12 12:21:07","2025-03-12 12:21:07","34","2"
"431","enrolled","2022-01-01","2025-03-12 12:21:08","2025-03-12 12:21:08","34","3"
"432","enrolled","2022-01-01","2025-03-12 12:21:08","2025-03-12 12:21:08","34","4"
"433","enrolled","2022-01-01","2025-03-12 12:21:08","2025-03-12 12:21:08","34","5"
"434","enrolled","2022-01-01","2025-03-12 12:21:08","2025-03-12 12:21:08","34","6"
"435","enrolled","2022-08-01","2025-03-12 12:21:08","2025-03-12 12:21:08","34","7"
"436","enrolled","2022-08-01","2025-03-12 12:21:08","2025-03-12 12:21:08","34","8"
"437","enrolled","2022-08-01","2025-03-12 12:21:08","2025-03-12 12:21:08","34","9"
"438","enrolled","2022-08-01","2025-03-12 12:21:08","2025-03-12 12:21:08","34","10"
"439","enrolled","2022-08-01","2025-03-12 12:21:08","2025-03-12 12:21:08","34","11"
"440","enrolled","2022-08-01","2025-03-12 12:21:08","2025-03-12 12:21:08","34","12"
"441","enrolled","2023-01-01","2025-03-12 12:21:08","2025-03-12 12:21:08","34","13"
"442","enrolled","2023-01-01","2025-03-12 12:21:08","2025-03-12 12:21:08","34","14"
"443","enrolled","2023-01-01","2025-03-12 12:21:08","2025-03-12 12:21:08","34","15"
"444","enrolled","2023-01-01","2025-03-12 12:21:08","2025-03-12 12:21:08","34","16"
"445","enrolled","2023-01-01","2025-03-12 12:21:08","2025-03-12 12:21:08","34","17"
"446","enrolled","2023-01-01","2025-03-12 12:21:08","2025-03-12 12:21:08","34","18"
"447","enrolled","2023-08-01","2025-03-12 12:21:08","2025-03-12 12:21:08","34","19"
"448","enrolled","2023-08-01","2025-03-12 12:21:08","2025-03-12 12:21:08","34","20"
"449","enrolled","2023-08-01","2025-03-12 12:21:08","2025-03-12 12:21:08","34","21"
"450","enrolled","2023-08-01","2025-03-12 12:21:08","2025-03-12 12:21:08","34","22"
"451","enrolled","2023-08-01","2025-03-12 12:21:08","2025-03-12 12:21:08","34","23"
"452","enrolled","2023-08-01","2025-03-12 12:21:08","2025-03-12 12:21:08","34","24"
"453","enrolled","2024-01-01","2025-03-12 12:21:08","2025-03-12 12:21:08","34","73"
"454","enrolled","2024-01-01","2025-03-12 12:21:09","2025-03-12 12:21:09","34","74"
"455","enrolled","2024-01-01","2025-03-12 12:21:09","2025-03-12 12:21:09","34","75"
"456","enrolled","2024-01-01","2025-03-12 12:21:09","2025-03-12 12:21:09","34","76"
"457","enrolled","2024-01-01","2025-03-12 12:21:09","2025-03-12 12:21:09","34","89"
"458","enrolled","2024-01-01","2025-03-12 12:21:09","2025-03-12 12:21:09","34","90"
"459","enrolled","2024-08-01","2025-03-12 12:21:09","2025-03-12 12:21:09","34","77"
"460","enrolled","2024-08-01","2025-03-12 12:21:09","2025-03-12 12:21:09","34","78"
"461","enrolled","2024-08-01","2025-03-12 12:21:09","2025-03-12 12:21:09","34","79"
"462","enrolled","2024-08-01","2025-03-12 12:21:09","2025-03-12 12:21:09","34","80"
"463","enrolled","2024-08-01","2025-03-12 12:21:09","2025-03-12 12:21:09","34","91"
"464","enrolled","2024-08-01","2025-03-12 12:21:09","2025-03-12 12:21:09","34","92"
"465","enrolled","2025-01-01","2025-03-12 12:21:09","2025-03-12 12:21:09","34","81"
"466","enrolled","2025-01-01","2025-03-12 12:21:09","2025-03-12 12:21:09","34","82"
"467","enrolled","2025-01-01","2025-03-12 12:21:09","2025-03-12 12:21:09","34","83"
"468","enrolled","2025-01-01","2025-03-12 12:21:09","2025-03-12 12:21:09","34","84"
